<?xml version="1.0" encoding="UTF-8"?>
<project-private xmlns="http://www.netbeans.org/ns/project-private/1">
    <open-files xmlns="http://www.netbeans.org/ns/projectui-open-files/2">
        <group>
            <file>file:/C:/Users/drzah/Documents/NetBeansProjects/Lab2ComplexNumber/src/coe318/lab2/ComplexNumber.java</file>
            <file>file:/C:/Users/drzah/Documents/NetBeansProjects/Lab2ComplexNumber/src/coe318/lab2/ComplexTry.java</file>
        </group>
    </open-files>
</project-private>
